file,class,type,cbo,cboModified,fanin,fanout,wmc,dit,noc,rfc,lcom,lcom*,tcc,lcc,totalMethodsQty,staticMethodsQty,publicMethodsQty,privateMethodsQty,protectedMethodsQty,defaultMethodsQty,visibleMethodsQty,abstractMethodsQty,finalMethodsQty,synchronizedMethodsQty,totalFieldsQty,staticFieldsQty,publicFieldsQty,privateFieldsQty,protectedFieldsQty,defaultFieldsQty,finalFieldsQty,synchronizedFieldsQty,nosi,loc,returnQty,loopQty,comparisonsQty,tryCatchQty,parenthesizedExpsQty,stringLiteralsQty,numbersQty,assignmentsQty,mathOperationsQty,variablesQty,maxNestedBlocksQty,anonymousClassesQty,innerClassesQty,lambdasQty,uniqueWordsQty,modifiers,logStatementsQty
C:\Users\91768\Desktop\ood ass 2\6 proj\Album-master\album\src\main\java\com\yanzhenjie\album\mvp\BaseView.java,com.yanzhenjie.album.mvp.BaseView$OnDialogClickListener,interface,0,0,0,0,1,1,0,0,0,0,NaN,NaN,1,0,0,0,0,1,1,0,0,0,0,0,0,0,0,0,0,0,0,3,0,0,0,0,0,0,0,0,0,0,0,0,0,0,6,1,0
C:\Users\91768\Desktop\ood ass 2\6 proj\Album-master\album\src\main\java\com\yanzhenjie\album\api\widget\Widget.java,com.yanzhenjie.album.api.widget.Widget$ButtonStyle,innerclass,8,8,0,8,9,1,0,7,0,0.59375,0.23809524,0.2857143,8,2,6,1,1,0,7,0,0,0,4,1,1,3,0,0,1,0,1,58,5,0,1,0,0,0,1,6,0,4,0,1,1,0,35,9,0
C:\Users\91768\Desktop\ood ass 2\6 proj\Album-master\sample\src\main\java\com\yanzhenjie\album\sample\MediaLoader.java,com.yanzhenjie.album.sample.MediaLoader,class,4,6,2,4,2,1,0,9,1,0,0,0,2,0,2,0,0,0,2,0,0,0,0,0,0,0,0,0,0,0,0,8,0,0,0,0,0,0,0,0,0,0,0,0,0,0,15,1,1
C:\Users\91768\Desktop\ood ass 2\6 proj\Album-master\album\src\main\java\com\yanzhenjie\album\app\album\NullView.java,com.yanzhenjie.album.app.album.NullView,class,15,16,1,15,13,3,0,27,3,0.6,0.4,0.6666667,6,0,6,0,0,0,6,0,0,0,5,0,0,5,0,0,0,0,8,69,0,0,4,0,0,0,2,12,0,11,2,0,0,0,52,0,0
C:\Users\91768\Desktop\ood ass 2\6 proj\Album-master\album\src\main\java\com\yanzhenjie\album\app\Contract.java,com.yanzhenjie.album.app.Contract$AlbumPresenter,interface,3,3,0,3,6,1,0,0,15,0,0,0,6,0,0,0,0,6,6,0,0,0,0,0,0,0,0,0,0,0,0,8,0,0,0,0,0,0,0,0,0,0,0,0,0,0,28,1,0
C:\Users\91768\Desktop\ood ass 2\6 proj\Album-master\album\src\main\java\com\yanzhenjie\album\AlbumConfig.java,com.yanzhenjie.album.AlbumConfig$Builder,innerclass,4,4,0,4,4,1,0,0,6,0.75,0,0,4,0,3,1,0,0,3,0,0,0,2,0,0,2,0,0,0,0,0,17,3,0,0,0,0,0,0,2,0,2,0,0,0,0,15,25,0
C:\Users\91768\Desktop\ood ass 2\6 proj\Album-master\album\src\main\java\com\yanzhenjie\album\widget\photoview\PhotoViewAttacher.java,com.yanzhenjie.album.widget.photoview.PhotoViewAttacher$Anonymous1,anonymous,3,3,0,3,7,1,0,5,1,0,0,0,2,0,2,0,0,0,2,0,0,0,0,0,0,0,0,0,0,0,0,19,4,0,2,0,0,0,0,0,0,0,2,0,0,0,37,-1,0
C:\Users\91768\Desktop\ood ass 2\6 proj\Album-master\album\src\main\java\com\yanzhenjie\album\app\album\data\ThumbnailBuildTask.java,com.yanzhenjie.album.app.album.data.ThumbnailBuildTask,class,5,6,1,5,7,2,0,7,0,0.41666666,0.6666667,1,4,0,1,0,3,0,4,0,0,0,3,0,0,3,0,0,0,0,0,32,1,1,2,0,0,0,0,4,0,4,2,0,1,0,27,1,0
C:\Users\91768\Desktop\ood ass 2\6 proj\Album-master\sample\src\main\java\com\yanzhenjie\album\sample\app\DefineStyleActivity.java,com.yanzhenjie.album.sample.app.DefineStyleActivity$Anonymous2,anonymous,3,3,0,3,2,1,0,3,0,0,NaN,NaN,1,0,1,0,0,0,1,0,0,0,0,0,0,0,0,0,0,0,0,7,0,0,0,0,0,0,1,1,0,0,0,0,0,0,6,-1,0
C:\Users\91768\Desktop\ood ass 2\6 proj\Album-master\sample\src\main\java\com\yanzhenjie\album\sample\app\DefineStyleActivity.java,com.yanzhenjie.album.sample.app.DefineStyleActivity$Anonymous3,anonymous,1,1,0,1,1,1,0,2,0,0,NaN,NaN,1,0,1,0,0,0,1,0,0,0,0,0,0,0,0,0,0,0,0,5,0,0,0,0,0,0,0,0,0,0,0,0,0,0,3,-1,0
C:\Users\91768\Desktop\ood ass 2\6 proj\Album-master\album\src\main\java\com\yanzhenjie\album\api\BasicCameraWrapper.java,com.yanzhenjie.album.api.BasicCameraWrapper,class,4,6,2,4,5,1,0,0,10,0.8,0,0,5,0,5,0,0,0,5,1,2,0,4,0,0,0,0,4,0,0,0,22,3,0,0,0,0,0,0,4,0,4,0,0,0,0,28,1025,0
C:\Users\91768\Desktop\ood ass 2\6 proj\Album-master\sample\src\main\java\com\yanzhenjie\album\sample\app\DefineStyleActivity.java,com.yanzhenjie.album.sample.app.DefineStyleActivity$Anonymous1,anonymous,2,2,0,2,1,1,0,1,0,0,NaN,NaN,1,0,1,0,0,0,1,0,0,0,0,0,0,0,0,0,0,0,0,5,0,0,0,0,0,0,0,0,0,0,0,0,0,0,7,-1,0
C:\Users\91768\Desktop\ood ass 2\6 proj\Album-master\sample\src\main\java\com\yanzhenjie\album\sample\app\VideoActivity.java,com.yanzhenjie.album.sample.app.VideoActivity$Anonymous4,anonymous,3,3,0,3,2,1,0,3,0,0,NaN,NaN,1,0,1,0,0,0,1,0,0,0,0,0,0,0,0,0,0,0,0,7,0,0,0,0,0,0,1,1,0,0,0,0,0,0,6,-1,0
C:\Users\91768\Desktop\ood ass 2\6 proj\Album-master\sample\src\main\java\com\yanzhenjie\album\sample\app\VideoActivity.java,com.yanzhenjie.album.sample.app.VideoActivity$Anonymous3,anonymous,1,1,0,1,1,1,0,2,0,0,NaN,NaN,1,0,1,0,0,0,1,0,0,0,0,0,0,0,0,0,0,0,0,5,0,0,0,0,0,0,0,0,0,0,0,0,0,0,3,-1,0
C:\Users\91768\Desktop\ood ass 2\6 proj\Album-master\sample\src\main\java\com\yanzhenjie\album\sample\app\VideoActivity.java,com.yanzhenjie.album.sample.app.VideoActivity$Anonymous2,anonymous,3,3,0,3,2,1,0,3,0,0,NaN,NaN,1,0,1,0,0,0,1,0,0,0,0,0,0,0,0,0,0,0,0,7,0,0,0,0,0,0,1,1,0,0,0,0,0,0,6,-1,0
C:\Users\91768\Desktop\ood ass 2\6 proj\Album-master\sample\src\main\java\com\yanzhenjie\album\sample\app\VideoActivity.java,com.yanzhenjie.album.sample.app.VideoActivity$Anonymous1,anonymous,2,2,0,2,1,1,0,1,0,0,NaN,NaN,1,0,1,0,0,0,1,0,0,0,0,0,0,0,0,0,0,0,0,5,0,0,0,0,0,0,0,0,0,0,0,0,0,0,7,-1,0
C:\Users\91768\Desktop\ood ass 2\6 proj\Album-master\sample\src\main\java\com\yanzhenjie\album\sample\app\AlbumActivity.java,com.yanzhenjie.album.sample.app.AlbumActivity$Anonymous4,anonymous,3,3,0,3,2,1,0,3,0,0,NaN,NaN,1,0,1,0,0,0,1,0,0,0,0,0,0,0,0,0,0,0,0,7,0,0,0,0,0,0,1,1,0,0,0,0,0,0,6,-1,0
C:\Users\91768\Desktop\ood ass 2\6 proj\Album-master\sample\src\main\java\com\yanzhenjie\album\sample\app\AlbumActivity.java,com.yanzhenjie.album.sample.app.AlbumActivity$Anonymous3,anonymous,1,1,0,1,1,1,0,2,0,0,NaN,NaN,1,0,1,0,0,0,1,0,0,0,0,0,0,0,0,0,0,0,0,5,0,0,0,0,0,0,0,0,0,0,0,0,0,0,3,-1,0
C:\Users\91768\Desktop\ood ass 2\6 proj\Album-master\album\src\main\java\com\yanzhenjie\album\widget\SquareImageView.java,com.yanzhenjie.album.widget.SquareImageView,class,5,5,0,5,6,2,0,3,4,0.5,0,0,4,0,3,0,1,0,4,0,0,0,1,0,0,1,0,0,0,0,0,32,0,0,0,0,0,1,2,2,0,2,1,0,0,0,31,1,0
C:\Users\91768\Desktop\ood ass 2\6 proj\Album-master\sample\src\main\java\com\yanzhenjie\album\sample\app\AlbumActivity.java,com.yanzhenjie.album.sample.app.AlbumActivity$Anonymous2,anonymous,3,3,0,3,2,1,0,3,0,0,NaN,NaN,1,0,1,0,0,0,1,0,0,0,0,0,0,0,0,0,0,0,0,7,0,0,0,0,0,0,1,1,0,0,0,0,0,0,6,-1,0
C:\Users\91768\Desktop\ood ass 2\6 proj\Album-master\sample\src\main\java\com\yanzhenjie\album\sample\app\AlbumActivity.java,com.yanzhenjie.album.sample.app.AlbumActivity$Anonymous1,anonymous,2,2,0,2,1,1,0,1,0,0,NaN,NaN,1,0,1,0,0,0,1,0,0,0,0,0,0,0,0,0,0,0,0,5,0,0,0,0,0,0,0,0,0,0,0,0,0,0,7,-1,0
C:\Users\91768\Desktop\ood ass 2\6 proj\Album-master\album\src\main\java\com\yanzhenjie\album\api\choice\ImageChoice.java,com.yanzhenjie.album.api.choice.ImageChoice,class,4,5,1,4,3,1,0,0,0,0,1,1,3,0,3,0,0,0,3,0,0,0,1,0,0,1,0,0,0,0,0,12,2,0,0,0,0,0,0,1,0,1,0,0,0,0,15,17,0
C:\Users\91768\Desktop\ood ass 2\6 proj\Album-master\album\src\main\java\com\yanzhenjie\album\widget\photoview\PhotoViewAttacher.java,com.yanzhenjie.album.widget.photoview.PhotoViewAttacher$AnimatedZoomRunnable,innerclass,4,4,0,4,5,1,0,8,0,0.33333334,1,1,3,0,2,1,0,0,2,0,0,0,3,0,0,3,0,0,3,0,4,31,2,0,1,0,2,0,3,12,7,10,1,0,0,0,37,2,0
C:\Users\91768\Desktop\ood ass 2\6 proj\Album-master\album\src\main\java\com\yanzhenjie\album\widget\photoview\gestures\FroyoGestureDetector.java,com.yanzhenjie.album.widget.photoview.gestures.FroyoGestureDetector,class,5,6,1,5,4,3,0,3,0,0,1,1,3,0,3,0,0,0,3,0,0,0,1,0,0,0,1,0,1,0,0,33,3,0,0,1,0,0,1,2,0,2,1,1,0,0,21,1,0
C:\Users\91768\Desktop\ood ass 2\6 proj\Album-master\album\src\main\java\com\yanzhenjie\album\mvp\ActivitySource.java,com.yanzhenjie.album.mvp.ActivitySource$Anonymous2,anonymous,2,2,0,2,2,1,0,1,0,0,NaN,NaN,1,0,1,0,0,0,1,0,0,0,0,0,0,0,0,0,0,0,0,7,0,0,1,0,0,0,0,0,0,0,1,0,0,0,10,-1,0
C:\Users\91768\Desktop\ood ass 2\6 proj\Album-master\album\src\main\java\com\yanzhenjie\album\widget\photoview\PhotoViewAttacher.java,com.yanzhenjie.album.widget.photoview.PhotoViewAttacher$FlingRunnable,innerclass,6,6,0,6,12,1,0,16,0,0.33333334,1,1,4,0,4,0,0,0,4,0,0,0,2,0,0,2,0,0,1,0,6,53,2,0,4,0,0,0,4,19,4,13,1,0,0,0,34,2,0
C:\Users\91768\Desktop\ood ass 2\6 proj\Album-master\album\src\main\java\com\yanzhenjie\album\mvp\ActivitySource.java,com.yanzhenjie.album.mvp.ActivitySource$Anonymous1,anonymous,2,2,0,2,2,1,0,1,0,0,NaN,NaN,1,0,1,0,0,0,1,0,0,0,0,0,0,0,0,0,0,0,0,8,1,0,1,0,0,0,0,0,0,0,1,0,0,0,10,-1,0
C:\Users\91768\Desktop\ood ass 2\6 proj\Album-master\album\src\main\java\com\yanzhenjie\album\api\BasicChoiceAlbumWrapper.java,com.yanzhenjie.album.api.BasicChoiceAlbumWrapper,class,7,9,2,7,4,3,0,0,0,0.5,0,0,4,0,3,0,0,1,4,0,0,0,3,0,0,0,0,3,0,0,0,20,3,0,0,0,0,0,5,6,0,3,0,0,0,0,44,1025,0
C:\Users\91768\Desktop\ood ass 2\6 proj\Album-master\album\src\main\java\com\yanzhenjie\album\widget\photoview\gestures\FroyoGestureDetector.java,com.yanzhenjie.album.widget.photoview.gestures.FroyoGestureDetector$Anonymous1,anonymous,2,2,0,2,5,1,0,6,3,0,0,0,3,0,3,0,0,0,3,0,0,0,0,0,0,0,0,0,0,0,2,13,3,0,0,0,0,0,0,1,0,1,1,0,0,0,11,-1,0
C:\Users\91768\Desktop\ood ass 2\6 proj\Album-master\album\src\main\java\com\yanzhenjie\album\api\widget\Widget.java,com.yanzhenjie.album.api.widget.Widget$ButtonStyle$Anonymous2,anonymous,2,2,0,2,2,1,0,0,1,0,0,0,2,0,2,0,0,0,2,0,0,0,0,0,0,0,0,0,0,0,0,8,2,0,0,0,0,0,0,0,0,0,0,0,0,0,9,-1,0
C:\Users\91768\Desktop\ood ass 2\6 proj\Album-master\album\src\main\java\com\yanzhenjie\album\Album.java,com.yanzhenjie.album.Album,class,25,44,19,25,28,1,0,5,323,0.9965035,0.003076923,0.003076923,26,26,26,0,0,0,26,0,0,0,22,22,21,1,0,0,21,0,1,109,25,0,2,0,0,16,7,23,0,22,1,0,0,0,71,17,0
C:\Users\91768\Desktop\ood ass 2\6 proj\Album-master\album\src\main\java\com\yanzhenjie\album\api\AlbumMultipleWrapper.java,com.yanzhenjie.album.api.AlbumMultipleWrapper,class,8,11,3,8,5,4,0,3,6,0.6,0.2,0.3,5,0,5,0,0,0,5,0,1,0,2,0,0,2,0,0,0,0,0,39,3,0,0,0,0,0,1,10,0,3,0,0,0,0,40,1,0
C:\Users\91768\Desktop\ood ass 2\6 proj\Album-master\album\src\main\java\com\yanzhenjie\album\api\VideoMultipleWrapper.java,com.yanzhenjie.album.api.VideoMultipleWrapper,class,8,11,3,8,5,4,0,3,6,0.6,0.2,0.3,5,0,5,0,0,0,5,0,1,0,2,0,0,2,0,0,0,0,0,39,3,0,0,0,0,0,1,10,0,3,0,0,0,0,40,17,0
C:\Users\91768\Desktop\ood ass 2\6 proj\Album-master\album\src\main\java\com\yanzhenjie\album\AlbumFolder.java,com.yanzhenjie.album.AlbumFolder$Anonymous1,anonymous,2,2,0,2,2,1,0,0,1,0,0,0,2,0,2,0,0,0,2,0,0,0,0,0,0,0,0,0,0,0,0,8,2,0,0,0,0,0,0,0,0,0,0,0,0,0,9,-1,0
C:\Users\91768\Desktop\ood ass 2\6 proj\Album-master\album\src\main\java\com\yanzhenjie\album\app\album\data\ThumbnailBuilder.java,com.yanzhenjie.album.app.album.data.ThumbnailBuilder,class,11,13,2,11,33,1,0,34,17,0.7619047,0.16666667,0.16666667,7,3,4,3,0,0,4,0,0,0,3,2,0,3,0,0,2,0,8,138,19,1,2,5,0,3,12,35,3,26,5,0,0,0,99,1,0
C:\Users\91768\Desktop\ood ass 2\6 proj\Album-master\album\src\main\java\com\yanzhenjie\album\api\BasicChoiceWrapper.java,com.yanzhenjie.album.api.BasicChoiceWrapper,class,8,12,4,8,6,2,0,0,15,0.8333333,0,0,6,0,5,0,0,1,6,0,0,0,5,0,0,0,0,5,0,0,0,30,5,0,0,0,0,0,3,8,0,5,0,0,0,0,42,1025,0
C:\Users\91768\Desktop\ood ass 2\6 proj\Album-master\album\src\main\java\com\yanzhenjie\album\Filter.java,com.yanzhenjie.album.Filter,interface,1,10,9,1,1,1,0,0,0,0,NaN,NaN,1,0,0,0,0,1,1,0,0,0,0,0,0,0,0,0,0,0,0,3,0,0,0,0,0,0,0,0,0,0,0,0,0,0,14,1,0
C:\Users\91768\Desktop\ood ass 2\6 proj\Album-master\album\src\main\java\com\yanzhenjie\album\api\camera\AlbumCamera.java,com.yanzhenjie.album.api.camera.AlbumCamera,class,4,5,1,4,3,1,0,0,0,0,1,1,3,0,3,0,0,0,3,0,0,0,1,0,0,1,0,0,0,0,0,12,2,0,0,0,0,0,0,1,0,1,0,0,0,0,15,1,0
C:\Users\91768\Desktop\ood ass 2\6 proj\Album-master\album\src\main\java\com\yanzhenjie\album\app\album\AlbumAdapter.java,com.yanzhenjie.album.app.album.AlbumAdapter$ButtonViewHolder,innerclass,4,4,0,4,4,2,0,2,0,0,1,1,2,0,1,0,0,1,2,0,0,0,1,0,0,1,0,0,1,0,0,13,0,0,2,0,0,0,1,1,0,1,1,0,0,0,12,10,0
C:\Users\91768\Desktop\ood ass 2\6 proj\Album-master\album\src\main\java\com\yanzhenjie\album\app\album\AlbumAdapter.java,com.yanzhenjie.album.app.album.AlbumAdapter,class,16,18,2,16,24,7,0,11,4,0.6969696,0.44444445,1,9,0,9,0,0,0,9,0,0,0,11,3,0,11,0,0,7,0,0,211,6,0,4,0,0,2,9,20,3,18,1,0,4,0,93,1,0
C:\Users\91768\Desktop\ood ass 2\6 proj\Album-master\album\src\main\java\com\yanzhenjie\album\widget\divider\ColorDrawer.java,com.yanzhenjie.album.widget.divider.ColorDrawer,class,4,7,3,4,3,2,0,6,1,0,0,0,2,1,2,0,0,0,2,0,0,0,0,0,0,0,0,0,0,0,1,13,2,0,1,0,0,0,2,4,0,4,1,0,0,0,21,0,0
C:\Users\91768\Desktop\ood ass 2\6 proj\Album-master\album\src\main\java\com\yanzhenjie\album\widget\photoview\gestures\EclairGestureDetector.java,com.yanzhenjie.album.widget.photoview.gestures.EclairGestureDetector,class,5,7,2,5,14,2,1,7,0,0.5833333,0.5,0.5,4,0,2,0,0,2,4,0,0,0,3,1,0,3,0,0,1,0,1,53,6,0,3,3,0,0,8,13,0,7,2,0,0,0,40,1,0
C:\Users\91768\Desktop\ood ass 2\6 proj\Album-master\album\src\main\java\com\yanzhenjie\album\widget\ColorProgressBar.java,com.yanzhenjie.album.widget.ColorProgressBar,class,5,7,2,5,4,2,0,4,6,0,0,0,4,0,4,0,0,0,4,0,0,0,0,0,0,0,0,0,0,0,0,17,0,0,0,0,0,0,0,2,0,1,0,0,0,0,25,1,0
C:\Users\91768\Desktop\ood ass 2\6 proj\Album-master\album\src\main\java\com\yanzhenjie\album\api\choice\VideoChoice.java,com.yanzhenjie.album.api.choice.VideoChoice,class,4,5,1,4,3,1,0,0,0,0,1,1,3,0,3,0,0,0,3,0,0,0,1,0,0,1,0,0,0,0,0,12,2,0,0,0,0,0,0,1,0,1,0,0,0,0,15,17,0
C:\Users\91768\Desktop\ood ass 2\6 proj\Album-master\album\src\main\java\com\yanzhenjie\album\api\GalleryAlbumWrapper.java,com.yanzhenjie.album.api.GalleryAlbumWrapper,class,6,8,2,6,2,3,0,3,1,0,0,0,2,0,2,0,0,0,2,0,0,0,0,0,0,0,0,0,0,0,0,17,0,0,0,0,0,0,0,5,0,1,0,0,0,0,19,1,0
C:\Users\91768\Desktop\ood ass 2\6 proj\Album-master\album\src\main\java\com\yanzhenjie\album\app\Contract.java,com.yanzhenjie.album.app.Contract$NullView,innerclass,4,4,0,4,5,2,0,0,10,0,0,0,5,0,5,0,0,0,5,4,0,0,0,0,0,0,0,0,0,0,0,9,0,0,0,0,0,0,0,0,0,0,0,0,0,0,28,1033,0
C:\Users\91768\Desktop\ood ass 2\6 proj\Album-master\album\src\main\java\com\yanzhenjie\album\util\SystemBar.java,com.yanzhenjie.album.util.SystemBar,class,6,11,5,6,25,1,0,26,78,0,0,0,13,13,10,3,0,0,10,0,0,0,0,0,0,0,0,0,0,0,11,103,10,0,0,2,0,5,1,15,0,13,2,0,0,0,58,1,0
C:\Users\91768\Desktop\ood ass 2\6 proj\Album-master\album\src\main\java\com\yanzhenjie\album\app\camera\CameraActivity.java,com.yanzhenjie.album.app.camera.CameraActivity$Anonymous1,anonymous,2,2,0,2,1,1,0,1,0,0,NaN,NaN,1,0,1,0,0,0,1,0,0,0,0,0,0,0,0,0,0,0,0,5,0,0,0,0,0,0,0,0,0,0,0,0,0,0,7,-1,0
C:\Users\91768\Desktop\ood ass 2\6 proj\Album-master\album\src\main\java\com\yanzhenjie\album\widget\photoview\PhotoViewAttacher.java,com.yanzhenjie.album.widget.photoview.PhotoViewAttacher$OnMatrixChangedListener,interface,1,1,0,1,1,1,0,0,0,0,NaN,NaN,1,0,0,0,0,1,1,0,0,0,0,0,0,0,0,0,0,0,0,3,0,0,0,0,0,0,0,0,0,0,0,0,0,0,34,1,0
C:\Users\91768\Desktop\ood ass 2\6 proj\Album-master\album\src\main\java\com\yanzhenjie\album\widget\LoadingDialog.java,com.yanzhenjie.album.widget.LoadingDialog,class,7,8,1,7,5,2,0,10,0,0.375,0.6666667,1,4,0,4,0,0,0,4,0,0,0,2,0,0,2,0,0,0,0,0,27,0,0,1,0,0,0,0,3,0,3,1,0,0,0,41,1,0
C:\Users\91768\Desktop\ood ass 2\6 proj\Album-master\album\src\main\java\com\yanzhenjie\album\app\album\NullActivity.java,com.yanzhenjie.album.app.album.NullActivity,class,11,12,1,11,9,3,0,23,0,0.4642857,0.33333334,0.5,4,1,3,0,1,0,4,0,0,0,7,1,0,7,0,0,1,0,2,68,1,0,1,0,0,2,1,11,0,10,1,1,0,0,60,1,0
C:\Users\91768\Desktop\ood ass 2\6 proj\Album-master\album\src\main\java\com\yanzhenjie\album\mvp\BaseActivity.java,com.yanzhenjie.album.mvp.BaseActivity,class,11,18,7,11,15,2,6,15,28,1,0,0,8,2,2,2,4,0,6,0,1,0,3,3,3,0,0,0,3,0,4,52,3,2,2,0,0,9,2,7,0,6,2,0,0,0,58,1,0
C:\Users\91768\Desktop\ood ass 2\6 proj\Album-master\sample\src\main\java\com\yanzhenjie\album\sample\app\AlbumFilterActivity.java,com.yanzhenjie.album.sample.app.AlbumFilterActivity$Anonymous7,anonymous,2,2,0,2,1,1,0,1,0,0,NaN,NaN,1,0,1,0,0,0,1,0,0,0,0,0,0,0,0,0,0,0,0,6,0,0,0,0,0,0,0,1,0,0,0,0,0,0,12,-1,0
C:\Users\91768\Desktop\ood ass 2\6 proj\Album-master\sample\src\main\java\com\yanzhenjie\album\sample\app\AlbumFilterActivity.java,com.yanzhenjie.album.sample.app.AlbumFilterActivity$Anonymous6,anonymous,2,2,0,2,1,1,0,1,0,0,NaN,NaN,1,0,1,0,0,0,1,0,0,0,0,0,0,0,0,0,0,0,0,6,0,0,0,0,0,0,0,1,0,0,0,0,0,0,12,-1,0
C:\Users\91768\Desktop\ood ass 2\6 proj\Album-master\sample\src\main\java\com\yanzhenjie\album\sample\app\AlbumFilterActivity.java,com.yanzhenjie.album.sample.app.AlbumFilterActivity$Anonymous5,anonymous,3,3,0,3,2,1,0,3,0,0,NaN,NaN,1,0,1,0,0,0,1,0,0,0,0,0,0,0,0,0,0,0,0,7,0,0,0,0,0,0,1,1,0,0,0,0,0,0,6,-1,0
C:\Users\91768\Desktop\ood ass 2\6 proj\Album-master\album\src\main\java\com\yanzhenjie\album\mvp\ViewSource.java,com.yanzhenjie.album.mvp.ViewSource,class,13,15,2,13,27,2,0,19,64,0.75,0.23333333,0.23333333,16,0,0,0,0,16,16,0,4,0,3,0,0,3,0,0,0,0,0,88,4,0,10,0,0,0,1,7,0,6,2,2,0,0,49,0,0
C:\Users\91768\Desktop\ood ass 2\6 proj\Album-master\album\src\main\java\com\yanzhenjie\album\app\Contract.java,com.yanzhenjie.album.app.Contract$AlbumView,innerclass,6,6,0,6,9,2,0,0,36,0,0,0,9,0,9,0,0,0,9,8,0,0,0,0,0,0,0,0,0,0,0,13,0,0,0,0,0,0,0,0,0,0,0,0,0,0,60,1033,0
C:\Users\91768\Desktop\ood ass 2\6 proj\Album-master\sample\src\main\java\com\yanzhenjie\album\sample\app\Adapter.java,com.yanzhenjie.album.sample.app.Adapter$VideoViewHolder,innerclass,11,11,0,11,4,2,0,10,0,0.33333334,0.6666667,1,3,0,1,0,0,2,3,0,0,0,3,0,0,3,0,0,1,0,2,21,0,0,1,0,0,0,0,3,0,3,1,0,0,0,22,10,0
C:\Users\91768\Desktop\ood ass 2\6 proj\Album-master\album\src\main\java\com\yanzhenjie\album\app\album\data\MediaReader.java,com.yanzhenjie.album.app.album.data.MediaReader,class,8,11,3,8,30,1,0,31,0,0.50000006,1,1,6,0,4,2,0,0,4,0,0,0,7,2,0,7,0,0,2,0,6,155,3,5,9,0,0,0,15,44,0,42,4,0,0,0,70,1,0
C:\Users\91768\Desktop\ood ass 2\6 proj\Album-master\album\src\main\java\com\yanzhenjie\album\app\album\FolderDialog.java,com.yanzhenjie.album.app.album.FolderDialog$Anonymous1,anonymous,3,3,0,3,3,1,0,5,0,0,NaN,NaN,1,0,1,0,0,0,1,0,0,0,0,0,0,0,0,0,0,0,0,15,0,0,2,0,0,0,0,1,0,0,2,0,0,0,13,-1,0
C:\Users\91768\Desktop\ood ass 2\6 proj\Album-master\album\src\main\java\com\yanzhenjie\album\app\album\GalleryActivity.java,com.yanzhenjie.album.app.album.GalleryActivity$Callback,interface,1,1,0,1,2,1,0,0,1,0,0,0,2,0,0,0,0,2,2,0,0,0,0,0,0,0,0,0,0,0,0,4,0,0,0,0,0,0,0,0,0,0,0,0,0,0,14,1,0
C:\Users\91768\Desktop\ood ass 2\6 proj\Album-master\album\src\main\java\com\yanzhenjie\album\widget\photoview\scrollerproxy\ScrollerProxy.java,com.yanzhenjie.album.widget.photoview.scrollerproxy.ScrollerProxy,class,5,9,4,5,9,1,2,0,21,0,0,0,7,1,7,0,0,0,7,6,0,0,0,0,0,0,0,0,0,0,0,19,3,0,0,0,0,0,0,0,0,0,1,0,0,0,20,1025,0
C:\Users\91768\Desktop\ood ass 2\6 proj\Album-master\album\src\main\java\com\yanzhenjie\album\api\BasicAlbumWrapper.java,com.yanzhenjie.album.api.BasicAlbumWrapper,class,8,10,2,8,5,1,0,1,8,0.8,0.1,0.1,5,0,4,0,0,1,5,1,3,0,5,0,0,0,0,5,1,0,1,24,3,0,0,0,0,0,0,5,0,5,0,0,0,0,27,1025,0
C:\Users\91768\Desktop\ood ass 2\6 proj\Album-master\album\src\main\java\com\yanzhenjie\album\app\album\AlbumView.java,com.yanzhenjie.album.app.album.AlbumView,class,27,29,2,27,22,3,0,51,32,0.7692307,0.34848484,0.8333333,13,0,10,1,2,0,12,0,0,0,10,0,0,10,0,0,0,0,7,139,2,0,5,0,0,3,2,17,1,17,2,3,0,0,88,0,0
C:\Users\91768\Desktop\ood ass 2\6 proj\Album-master\album\src\main\java\com\yanzhenjie\album\api\VideoCameraWrapper.java,com.yanzhenjie.album.api.VideoCameraWrapper,class,6,9,3,6,5,2,0,2,4,0.6,0.3,0.6,5,0,5,0,0,0,5,0,0,0,3,0,0,3,0,0,0,0,0,31,3,0,0,0,0,0,5,9,0,4,0,0,0,0,47,1,0
C:\Users\91768\Desktop\ood ass 2\6 proj\Album-master\sample\src\main\java\com\yanzhenjie\album\sample\app\AlbumFilterActivity.java,com.yanzhenjie.album.sample.app.AlbumFilterActivity$Anonymous4,anonymous,1,1,0,1,1,1,0,2,0,0,NaN,NaN,1,0,1,0,0,0,1,0,0,0,0,0,0,0,0,0,0,0,0,5,0,0,0,0,0,0,0,0,0,0,0,0,0,0,3,-1,0
C:\Users\91768\Desktop\ood ass 2\6 proj\Album-master\sample\src\main\java\com\yanzhenjie\album\sample\app\DefineStyleActivity.java,com.yanzhenjie.album.sample.app.DefineStyleActivity,class,19,22,3,19,10,2,0,40,6,0.7,0,0,5,0,2,2,1,0,3,0,0,0,4,0,0,4,0,0,0,0,6,79,2,0,2,0,0,0,6,6,0,7,1,4,0,0,62,1,0
C:\Users\91768\Desktop\ood ass 2\6 proj\Album-master\album\src\main\java\com\yanzhenjie\album\app\album\data\MediaReadTask.java,com.yanzhenjie.album.app.album.data.MediaReadTask,class,6,7,1,6,11,2,0,12,0,0.33333334,0.6666667,1,3,0,1,0,2,0,3,0,0,0,4,0,0,4,0,0,0,0,0,63,1,2,1,0,0,1,2,14,0,10,4,0,2,0,44,1,0
C:\Users\91768\Desktop\ood ass 2\6 proj\Album-master\sample\src\main\java\com\yanzhenjie\album\sample\app\AlbumFilterActivity.java,com.yanzhenjie.album.sample.app.AlbumFilterActivity$Anonymous3,anonymous,3,3,0,3,2,1,0,3,0,0,NaN,NaN,1,0,1,0,0,0,1,0,0,0,0,0,0,0,0,0,0,0,0,7,0,0,0,0,0,0,1,1,0,0,0,0,0,0,6,-1,0
C:\Users\91768\Desktop\ood ass 2\6 proj\Album-master\sample\src\main\java\com\yanzhenjie\album\sample\app\AlbumFilterActivity.java,com.yanzhenjie.album.sample.app.AlbumFilterActivity$Anonymous2,anonymous,0,0,0,0,1,1,0,1,0,0,NaN,NaN,1,0,1,0,0,0,1,0,0,0,0,0,0,0,0,0,0,0,0,5,1,0,0,0,0,1,0,0,0,0,0,0,0,0,2,-1,0
C:\Users\91768\Desktop\ood ass 2\6 proj\Album-master\sample\src\main\java\com\yanzhenjie\album\sample\app\AlbumFilterActivity.java,com.yanzhenjie.album.sample.app.AlbumFilterActivity$Anonymous1,anonymous,2,2,0,2,1,1,0,1,0,0,NaN,NaN,1,0,1,0,0,0,1,0,0,0,0,0,0,0,0,0,0,0,0,5,0,0,0,0,0,0,0,0,0,0,0,0,0,0,7,-1,0
C:\Users\91768\Desktop\ood ass 2\6 proj\Album-master\album\src\main\java\com\yanzhenjie\album\widget\photoview\gestures\VersionedGestureDetector.java,com.yanzhenjie.album.widget.photoview.gestures.VersionedGestureDetector,class,6,7,1,6,3,1,0,1,0,0,NaN,NaN,1,1,1,0,0,0,1,0,0,0,0,0,0,0,0,0,0,0,0,17,1,0,0,0,0,0,0,4,0,2,1,0,0,0,16,17,0
C:\Users\91768\Desktop\ood ass 2\6 proj\Album-master\sample\src\main\java\com\yanzhenjie\album\sample\app\VideoActivity.java,com.yanzhenjie.album.sample.app.VideoActivity,class,18,21,3,18,10,2,0,34,4,0.65000004,0,0,5,0,2,2,1,0,3,0,0,0,4,0,0,4,0,0,0,0,4,79,2,0,2,0,0,0,7,6,0,7,1,4,0,0,61,1,0
C:\Users\91768\Desktop\ood ass 2\6 proj\Album-master\album\src\main\java\com\yanzhenjie\album\AlbumConfig.java,com.yanzhenjie.album.AlbumConfig,class,3,15,12,3,6,1,0,1,0,0.25,0,0,4,1,3,1,0,0,3,0,0,0,2,0,0,2,0,0,0,0,1,34,3,0,2,0,0,0,0,2,0,2,0,0,1,0,21,1,0
C:\Users\91768\Desktop\ood ass 2\6 proj\Album-master\album\src\main\java\com\yanzhenjie\album\util\AlbumUtils.java,com.yanzhenjie.album.util.AlbumUtils,class,20,36,16,20,48,1,0,62,276,0.9583333,0,0,24,24,23,1,0,0,23,0,0,0,1,1,0,1,0,0,1,0,23,208,29,1,0,1,4,19,30,54,13,34,3,0,0,0,186,1,0
C:\Users\91768\Desktop\ood ass 2\6 proj\Album-master\album\src\main\java\com\yanzhenjie\album\widget\divider\Api21ItemDivider.java,com.yanzhenjie.album.widget.divider.Api21ItemDivider,class,9,16,7,9,7,3,0,11,3,0.5555556,0.4,0.6666667,6,0,6,0,0,0,6,0,0,0,3,0,0,3,0,0,3,0,2,35,2,1,0,0,0,0,5,7,2,7,1,0,0,0,42,1,0
C:\Users\91768\Desktop\ood ass 2\6 proj\Album-master\album\src\main\java\com\yanzhenjie\album\widget\photoview\Compat.java,com.yanzhenjie.album.widget.photoview.Compat,class,3,7,4,3,4,1,0,3,3,0.6666667,0,0,3,3,2,1,0,0,2,0,0,0,1,1,0,1,0,0,1,0,1,17,1,0,0,0,1,0,3,1,2,1,1,0,0,0,27,1,0
C:\Users\91768\Desktop\ood ass 2\6 proj\Album-master\sample\src\main\java\com\yanzhenjie\album\sample\Application.java,com.yanzhenjie.album.sample.Application,class,5,6,1,5,3,2,0,7,0,0,1,1,2,1,2,0,0,0,2,0,0,0,1,1,0,1,0,0,0,0,3,13,1,0,1,0,0,0,0,1,0,1,1,0,0,0,14,1,0
C:\Users\91768\Desktop\ood ass 2\6 proj\Album-master\album\src\main\java\com\yanzhenjie\album\app\album\AlbumAdapter.java,com.yanzhenjie.album.app.album.AlbumAdapter$VideoHolder,innerclass,14,14,0,14,11,3,0,15,0,0.23809525,1,1,3,0,2,0,0,1,3,0,0,0,7,0,0,7,0,0,3,0,2,44,0,0,4,0,0,0,6,10,3,10,2,0,0,0,35,10,0
C:\Users\91768\Desktop\ood ass 2\6 proj\Album-master\sample\src\main\java\com\yanzhenjie\album\sample\app\ImageActivity.java,com.yanzhenjie.album.sample.app.ImageActivity,class,18,21,3,18,10,2,0,34,4,0.65000004,0,0,5,0,2,2,1,0,3,0,0,0,4,0,0,4,0,0,0,0,4,79,2,0,2,0,0,0,7,6,0,7,1,4,0,0,61,1,0
C:\Users\91768\Desktop\ood ass 2\6 proj\Album-master\album\src\main\java\com\yanzhenjie\album\widget\photoview\PhotoViewAttacher.java,com.yanzhenjie.album.widget.photoview.PhotoViewAttacher$OnScaleChangeListener,interface,0,0,0,0,1,1,0,0,0,0,NaN,NaN,1,0,0,0,0,1,1,0,0,0,0,0,0,0,0,0,0,0,0,3,0,0,0,0,0,0,0,0,0,0,0,0,0,0,35,1,0
C:\Users\91768\Desktop\ood ass 2\6 proj\Album-master\sample\src\main\java\com\yanzhenjie\album\sample\app\CameraActivity.java,com.yanzhenjie.album.sample.app.CameraActivity$Anonymous2,anonymous,1,1,0,1,1,1,0,2,0,0,NaN,NaN,1,0,1,0,0,0,1,0,0,0,0,0,0,0,0,0,0,0,0,5,0,0,0,0,0,0,0,0,0,0,0,0,0,0,3,-1,0
C:\Users\91768\Desktop\ood ass 2\6 proj\Album-master\sample\src\main\java\com\yanzhenjie\album\sample\app\CameraActivity.java,com.yanzhenjie.album.sample.app.CameraActivity$Anonymous1,anonymous,4,4,0,4,1,1,0,4,0,0,NaN,NaN,1,0,1,0,0,0,1,0,0,0,0,0,0,0,0,0,0,0,1,6,0,0,0,0,0,0,0,0,0,0,0,0,0,0,3,-1,0
C:\Users\91768\Desktop\ood ass 2\6 proj\Album-master\album\src\main\java\com\yanzhenjie\album\mvp\Source.java,com.yanzhenjie.album.mvp.Source$MenuClickListener,interface,1,1,0,1,2,1,0,0,1,0,0,0,2,0,0,0,0,2,2,0,0,0,0,0,0,0,0,0,0,0,0,4,0,0,0,0,0,0,0,0,0,0,0,0,0,0,7,0,0
C:\Users\91768\Desktop\ood ass 2\6 proj\Album-master\sample\src\main\java\com\yanzhenjie\album\sample\app\CameraActivity.java,com.yanzhenjie.album.sample.app.CameraActivity$Anonymous4,anonymous,1,1,0,1,1,1,0,2,0,0,NaN,NaN,1,0,1,0,0,0,1,0,0,0,0,0,0,0,0,0,0,0,0,5,0,0,0,0,0,0,0,0,0,0,0,0,0,0,3,-1,0
C:\Users\91768\Desktop\ood ass 2\6 proj\Album-master\sample\src\main\java\com\yanzhenjie\album\sample\app\CameraActivity.java,com.yanzhenjie.album.sample.app.CameraActivity$Anonymous3,anonymous,4,4,0,4,1,1,0,4,0,0,NaN,NaN,1,0,1,0,0,0,1,0,0,0,0,0,0,0,0,0,0,0,1,6,0,0,0,0,0,0,0,0,0,0,0,0,0,0,3,-1,0
C:\Users\91768\Desktop\ood ass 2\6 proj\Album-master\album\src\main\java\com\yanzhenjie\album\app\album\FolderAdapter.java,com.yanzhenjie.album.app.album.FolderAdapter,class,10,11,1,10,6,2,0,6,2,0.6,0.4,0.6,5,0,5,0,0,0,5,0,0,0,4,0,0,4,0,0,0,0,0,62,2,0,1,0,0,0,1,5,0,5,0,1,1,0,45,0,0
C:\Users\91768\Desktop\ood ass 2\6 proj\Album-master\album\src\main\java\com\yanzhenjie\album\widget\photoview\DefaultOnDoubleTapListener.java,com.yanzhenjie.album.widget.photoview.DefaultOnDoubleTapListener,class,8,10,2,8,15,1,0,18,0,0.2,0.6,0.6,5,0,5,0,0,0,5,0,0,0,1,0,0,1,0,0,0,0,0,55,6,0,5,1,2,0,0,10,4,10,3,0,0,0,58,1,0
C:\Users\91768\Desktop\ood ass 2\6 proj\Album-master\album\src\main\java\com\yanzhenjie\album\widget\photoview\PhotoViewAttacher.java,com.yanzhenjie.album.widget.photoview.PhotoViewAttacher$OnPhotoTapListener,interface,1,1,0,1,2,1,0,0,1,0,0,0,2,0,0,0,0,2,2,0,0,0,0,0,0,0,0,0,0,0,0,4,0,0,0,0,0,0,0,0,0,0,0,0,0,0,45,1,0
C:\Users\91768\Desktop\ood ass 2\6 proj\Album-master\album\src\main\java\com\yanzhenjie\album\api\choice\Choice.java,com.yanzhenjie.album.api.choice.Choice,interface,2,6,4,2,2,1,0,0,1,0,0,0,2,0,0,0,0,2,2,0,0,0,0,0,0,0,0,0,0,0,0,4,0,0,0,0,0,0,0,0,0,0,0,0,0,0,10,1,0
C:\Users\91768\Desktop\ood ass 2\6 proj\Album-master\album\src\main\java\com\yanzhenjie\album\app\album\FolderAdapter.java,com.yanzhenjie.album.app.album.FolderAdapter$FolderViewHolder,innerclass,13,13,0,13,4,2,0,15,0,0.33333334,0,0,3,0,2,1,0,0,2,0,0,0,4,0,0,4,0,0,0,0,1,24,0,0,1,0,0,2,1,5,1,5,1,0,0,0,32,8,0
C:\Users\91768\Desktop\ood ass 2\6 proj\Album-master\album\src\main\java\com\yanzhenjie\album\app\album\data\PathConversion.java,com.yanzhenjie.album.app.album.data.PathConversion,class,6,8,2,6,13,1,0,22,0,0,1,1,2,0,2,0,0,0,2,0,0,0,3,0,0,3,0,0,0,0,2,51,1,0,4,1,0,2,1,12,0,10,2,0,0,0,32,1,0
C:\Users\91768\Desktop\ood ass 2\6 proj\Album-master\album\src\main\java\com\yanzhenjie\album\provider\CameraFileProvider.java,com.yanzhenjie.album.provider.CameraFileProvider,class,2,3,1,2,1,2,0,1,0,0,NaN,NaN,1,1,1,0,0,0,1,0,0,0,0,0,0,0,0,0,0,0,0,5,1,0,0,0,0,1,0,0,1,0,0,0,0,0,22,1,0
C:\Users\91768\Desktop\ood ass 2\6 proj\Album-master\album\src\main\java\com\yanzhenjie\album\mvp\Source.java,com.yanzhenjie.album.mvp.Source,class,10,13,3,10,17,1,0,0,134,0.88235295,0.007352941,0.007352941,17,0,2,0,0,15,17,15,0,0,1,0,0,1,0,0,0,0,0,28,1,0,0,0,0,0,0,1,0,1,0,0,1,0,40,1024,0
C:\Users\91768\Desktop\ood ass 2\6 proj\Album-master\album\src\main\java\com\yanzhenjie\album\api\widget\Widget.java,com.yanzhenjie.album.api.widget.Widget,class,12,35,23,12,23,1,0,24,40,0.7604167,0.18681319,0.4945055,16,3,13,2,1,0,14,0,0,0,12,3,3,9,0,0,3,0,5,200,13,0,6,0,0,0,6,20,0,12,0,1,2,0,67,1,0
C:\Users\91768\Desktop\ood ass 2\6 proj\Album-master\album\src\main\java\com\yanzhenjie\album\api\camera\Camera.java,com.yanzhenjie.album.api.camera.Camera,interface,2,4,2,2,2,1,0,0,1,0,0,0,2,0,0,0,0,2,2,0,0,0,0,0,0,0,0,0,0,0,0,4,0,0,0,0,0,0,0,0,0,0,0,0,0,0,10,1,0
C:\Users\91768\Desktop\ood ass 2\6 proj\Album-master\album\src\main\java\com\yanzhenjie\album\mvp\BaseView.java,com.yanzhenjie.album.mvp.BaseView,class,29,50,21,29,57,1,0,59,1104,0.82075477,0.111008324,0.111008324,53,0,30,6,17,0,47,0,20,0,2,0,0,2,0,0,0,0,0,241,12,0,3,0,0,0,0,13,0,13,2,7,1,0,99,1025,0
C:\Users\91768\Desktop\ood ass 2\6 proj\Album-master\album\src\main\java\com\yanzhenjie\album\widget\SquareFrameLayout.java,com.yanzhenjie.album.widget.SquareFrameLayout,class,6,6,0,6,6,2,0,3,4,0.5,0,0,4,0,3,0,1,0,4,0,0,0,1,0,0,1,0,0,0,0,0,32,0,0,0,0,0,1,2,2,0,2,1,0,0,0,31,1,0
C:\Users\91768\Desktop\ood ass 2\6 proj\Album-master\album\src\main\java\com\yanzhenjie\album\widget\photoview\scrollerproxy\PreGingerScroller.java,com.yanzhenjie.album.widget.photoview.scrollerproxy.PreGingerScroller,class,3,4,1,3,7,2,0,6,0,0,1,1,7,0,7,0,0,0,7,0,0,0,1,0,0,1,0,0,1,0,0,24,4,0,0,0,0,0,0,1,0,1,0,0,0,0,20,1,0
C:\Users\91768\Desktop\ood ass 2\6 proj\Album-master\album\src\main\java\com\yanzhenjie\album\app\album\data\PathConvertTask.java,com.yanzhenjie.album.app.album.data.PathConvertTask,class,4,5,1,4,4,2,0,3,0,0.375,0.6666667,1,4,0,1,0,3,0,4,0,0,0,2,0,0,2,0,0,0,0,0,21,1,0,0,0,0,0,1,2,0,2,0,0,1,0,23,1,0
C:\Users\91768\Desktop\ood ass 2\6 proj\Album-master\album\src\main\java\com\yanzhenjie\album\app\album\FolderDialog.java,com.yanzhenjie.album.app.album.FolderDialog,class,12,13,1,12,6,2,0,19,0,0.5,1,1,2,0,1,0,1,0,2,0,0,0,5,0,0,5,0,0,0,0,1,51,0,0,2,0,0,0,4,10,0,10,2,1,0,0,50,1,0
C:\Users\91768\Desktop\ood ass 2\6 proj\Album-master\album\src\main\java\com\yanzhenjie\album\app\album\data\PathConvertTask.java,com.yanzhenjie.album.app.album.data.PathConvertTask$Callback,interface,1,1,0,1,2,1,0,0,1,0,0,0,2,0,0,0,0,2,2,0,0,0,0,0,0,0,0,0,0,0,0,4,0,0,0,0,0,0,0,0,0,0,0,0,0,0,9,1,0
C:\Users\91768\Desktop\ood ass 2\6 proj\Album-master\album\src\main\java\com\yanzhenjie\album\mvp\ActivitySource.java,com.yanzhenjie.album.mvp.ActivitySource,class,14,16,2,14,27,2,0,19,62,0.78125,0.24166666,0.24166666,16,0,0,0,0,16,16,0,4,0,4,0,0,4,0,0,0,0,0,95,4,0,10,0,0,0,1,10,0,9,2,2,0,0,50,0,0
C:\Users\91768\Desktop\ood ass 2\6 proj\Album-master\album\src\main\java\com\yanzhenjie\album\mvp\BaseView.java,com.yanzhenjie.album.mvp.BaseView$Anonymous1,anonymous,3,3,0,3,2,1,0,3,1,0,0,0,2,0,2,0,0,0,2,0,0,0,0,0,0,0,0,0,0,0,0,8,0,0,0,0,0,0,0,0,0,0,0,0,0,0,10,-1,0
C:\Users\91768\Desktop\ood ass 2\6 proj\Album-master\album\src\main\java\com\yanzhenjie\album\mvp\BaseView.java,com.yanzhenjie.album.mvp.BaseView$Anonymous2,anonymous,3,3,0,3,5,1,0,4,0,0,NaN,NaN,1,0,1,0,0,0,1,0,0,0,0,0,0,0,0,0,0,0,0,16,0,0,4,0,0,0,0,0,0,0,1,0,0,0,10,-1,0
C:\Users\91768\Desktop\ood ass 2\6 proj\Album-master\album\src\main\java\com\yanzhenjie\album\mvp\BaseView.java,com.yanzhenjie.album.mvp.BaseView$Anonymous3,anonymous,1,1,0,1,1,1,0,0,0,0,NaN,NaN,1,0,1,0,0,0,1,0,0,0,0,0,0,0,0,0,0,0,0,4,0,0,0,0,0,0,0,0,0,0,0,0,0,0,5,-1,0
C:\Users\91768\Desktop\ood ass 2\6 proj\Album-master\album\src\main\java\com\yanzhenjie\album\mvp\BaseView.java,com.yanzhenjie.album.mvp.BaseView$Anonymous4,anonymous,1,1,0,1,1,1,0,0,0,0,NaN,NaN,1,0,1,0,0,0,1,0,0,0,0,0,0,0,0,0,0,0,0,4,0,0,0,0,0,0,0,0,0,0,0,0,0,0,5,-1,0
C:\Users\91768\Desktop\ood ass 2\6 proj\Album-master\album\src\main\java\com\yanzhenjie\album\app\album\AlbumActivity.java,com.yanzhenjie.album.app.album.AlbumActivity,class,34,44,10,34,85,3,0,97,183,0.88410985,0.2809524,0.5857143,31,0,17,10,4,0,21,0,0,0,27,7,5,22,0,0,2,0,8,480,2,0,13,0,0,12,18,73,4,56,2,4,0,0,173,1,0
C:\Users\91768\Desktop\ood ass 2\6 proj\Album-master\album\src\main\java\com\yanzhenjie\album\mvp\BaseView.java,com.yanzhenjie.album.mvp.BaseView$Anonymous5,anonymous,2,2,0,2,1,1,0,1,0,0,NaN,NaN,1,0,1,0,0,0,1,0,0,0,0,0,0,0,0,0,0,0,0,5,0,0,0,0,0,0,0,0,0,0,0,0,0,0,5,-1,0
C:\Users\91768\Desktop\ood ass 2\6 proj\Album-master\album\src\main\java\com\yanzhenjie\album\mvp\BaseView.java,com.yanzhenjie.album.mvp.BaseView$Anonymous6,anonymous,2,2,0,2,1,1,0,1,0,0,NaN,NaN,1,0,1,0,0,0,1,0,0,0,0,0,0,0,0,0,0,0,0,5,0,0,0,0,0,0,0,0,0,0,0,0,0,0,5,-1,0
C:\Users\91768\Desktop\ood ass 2\6 proj\Album-master\album\src\main\java\com\yanzhenjie\album\mvp\BaseView.java,com.yanzhenjie.album.mvp.BaseView$Anonymous7,anonymous,2,2,0,2,1,1,0,1,0,0,NaN,NaN,1,0,1,0,0,0,1,0,0,0,0,0,0,0,0,0,0,0,0,5,0,0,0,0,0,0,0,0,0,0,0,0,0,0,5,-1,0
C:\Users\91768\Desktop\ood ass 2\6 proj\Album-master\album\src\main\java\com\yanzhenjie\album\widget\divider\Api20ItemDivider.java,com.yanzhenjie.album.widget.divider.Api20ItemDivider,class,14,16,2,14,110,3,0,25,80,0.7083333,0.4,0.6666667,16,0,6,10,0,0,6,0,0,0,3,0,0,3,0,0,3,0,2,378,24,2,28,0,16,0,89,43,34,43,3,0,0,0,69,1,0
C:\Users\91768\Desktop\ood ass 2\6 proj\Album-master\album\src\main\java\com\yanzhenjie\album\widget\photoview\PhotoViewAttacher.java,com.yanzhenjie.album.widget.photoview.PhotoViewAttacher,class,33,40,7,33,163,1,0,86,1601,0.94648546,0.08880666,0.45975947,63,4,45,16,0,2,47,0,0,0,32,5,0,26,0,6,9,0,15,676,36,0,52,0,16,8,44,120,39,83,4,1,7,0,308,1,0
C:\Users\91768\Desktop\ood ass 2\6 proj\Album-master\album\src\main\java\com\yanzhenjie\album\api\VideoSingleWrapper.java,com.yanzhenjie.album.api.VideoSingleWrapper,class,7,10,3,7,3,4,0,2,1,0.33333334,0.33333334,0.33333334,3,0,3,0,0,0,3,0,0,0,1,0,0,1,0,0,0,0,0,29,1,0,0,0,0,0,1,7,0,2,0,0,0,0,23,17,0
C:\Users\91768\Desktop\ood ass 2\6 proj\Album-master\album\src\main\java\com\yanzhenjie\album\app\gallery\GalleryAlbumActivity.java,com.yanzhenjie.album.app.gallery.GalleryAlbumActivity,class,13,15,2,13,23,3,0,37,0,0.67901236,0.6785714,1,9,0,7,1,1,0,8,0,0,0,9,4,4,5,0,0,0,0,1,93,0,2,7,0,0,5,4,18,2,15,3,0,0,0,52,1,0
C:\Users\91768\Desktop\ood ass 2\6 proj\Album-master\album\src\main\java\com\yanzhenjie\album\app\album\FolderAdapter.java,com.yanzhenjie.album.app.album.FolderAdapter$Anonymous1,anonymous,3,3,0,3,3,1,0,5,0,0,NaN,NaN,1,0,1,0,0,0,1,0,0,0,1,0,0,1,0,0,0,0,0,14,0,0,1,0,0,0,1,3,0,2,1,0,0,0,17,-1,0
C:\Users\91768\Desktop\ood ass 2\6 proj\Album-master\album\src\main\java\com\yanzhenjie\album\widget\photoview\AttacherImageView.java,com.yanzhenjie.album.widget.photoview.AttacherImageView,class,6,7,1,6,6,2,0,2,8,0.6,0.1,0.1,5,0,5,0,0,0,5,0,0,0,1,0,0,1,0,0,0,0,0,21,0,0,1,0,0,0,0,1,0,1,1,0,0,0,23,1,0
C:\Users\91768\Desktop\ood ass 2\6 proj\Album-master\sample\src\main\java\com\yanzhenjie\album\sample\app\CameraActivity.java,com.yanzhenjie.album.sample.app.CameraActivity,class,12,14,2,12,9,2,0,21,10,0.8,0,0,5,0,2,2,1,0,3,0,0,0,2,0,0,1,0,1,0,0,2,68,2,0,1,0,0,0,1,5,0,5,1,4,0,0,46,1,0
C:\Users\91768\Desktop\ood ass 2\6 proj\Album-master\album\src\main\java\com\yanzhenjie\album\widget\photoview\gestures\GestureDetector.java,com.yanzhenjie.album.widget.photoview.gestures.GestureDetector,interface,2,5,3,2,4,1,0,0,6,0,0,0,4,0,0,0,0,4,4,0,0,0,0,0,0,0,0,0,0,0,0,6,0,0,0,0,0,0,0,0,0,0,0,0,0,0,14,1,0
C:\Users\91768\Desktop\ood ass 2\6 proj\Album-master\album\src\main\java\com\yanzhenjie\album\widget\photoview\PhotoViewAttacher.java,com.yanzhenjie.album.widget.photoview.PhotoViewAttacher$OnSingleFlingListener,interface,1,1,0,1,1,1,0,0,0,0,NaN,NaN,1,0,0,0,0,1,1,0,0,0,0,0,0,0,0,0,0,0,0,3,0,0,0,0,0,0,0,0,0,0,0,0,0,0,43,1,0
C:\Users\91768\Desktop\ood ass 2\6 proj\Album-master\sample\src\main\java\com\yanzhenjie\album\sample\app\ImageActivity.java,com.yanzhenjie.album.sample.app.ImageActivity$Anonymous4,anonymous,3,3,0,3,2,1,0,3,0,0,NaN,NaN,1,0,1,0,0,0,1,0,0,0,0,0,0,0,0,0,0,0,0,7,0,0,0,0,0,0,1,1,0,0,0,0,0,0,6,-1,0
C:\Users\91768\Desktop\ood ass 2\6 proj\Album-master\sample\src\main\java\com\yanzhenjie\album\sample\app\ImageActivity.java,com.yanzhenjie.album.sample.app.ImageActivity$Anonymous3,anonymous,1,1,0,1,1,1,0,2,0,0,NaN,NaN,1,0,1,0,0,0,1,0,0,0,0,0,0,0,0,0,0,0,0,5,0,0,0,0,0,0,0,0,0,0,0,0,0,0,3,-1,0
C:\Users\91768\Desktop\ood ass 2\6 proj\Album-master\sample\src\main\java\com\yanzhenjie\album\sample\app\ImageActivity.java,com.yanzhenjie.album.sample.app.ImageActivity$Anonymous2,anonymous,3,3,0,3,2,1,0,3,0,0,NaN,NaN,1,0,1,0,0,0,1,0,0,0,0,0,0,0,0,0,0,0,0,7,0,0,0,0,0,0,1,1,0,0,0,0,0,0,6,-1,0
C:\Users\91768\Desktop\ood ass 2\6 proj\Album-master\sample\src\main\java\com\yanzhenjie\album\sample\app\ImageActivity.java,com.yanzhenjie.album.sample.app.ImageActivity$Anonymous1,anonymous,2,2,0,2,1,1,0,1,0,0,NaN,NaN,1,0,1,0,0,0,1,0,0,0,0,0,0,0,0,0,0,0,0,5,0,0,0,0,0,0,0,0,0,0,0,0,0,0,7,-1,0
C:\Users\91768\Desktop\ood ass 2\6 proj\Album-master\album\src\main\java\com\yanzhenjie\album\api\BasicGalleryWrapper.java,com.yanzhenjie.album.api.BasicGalleryWrapper,class,8,11,3,8,6,2,0,0,15,0.8333333,0,0,6,0,6,0,0,0,6,0,1,0,4,0,0,0,0,4,0,0,0,29,5,0,0,0,0,0,1,5,0,4,0,0,0,0,45,1025,0
C:\Users\91768\Desktop\ood ass 2\6 proj\Album-master\album\src\main\java\com\yanzhenjie\album\widget\photoview\FixViewPager.java,com.yanzhenjie.album.widget.photoview.FixViewPager,class,4,4,0,4,4,2,0,1,3,0,0,0,3,0,3,0,0,0,3,0,0,0,0,0,0,0,0,0,0,0,0,16,2,0,0,1,0,0,0,0,0,0,1,0,0,0,23,1,0
C:\Users\91768\Desktop\ood ass 2\6 proj\Album-master\album\src\main\java\com\yanzhenjie\album\app\camera\CameraActivity.java,com.yanzhenjie.album.app.camera.CameraActivity,class,10,14,4,10,21,3,0,28,1,0.6607143,0.6,1,7,0,2,2,3,0,5,0,0,0,16,11,2,14,0,0,9,0,8,141,0,0,5,0,0,10,4,28,0,18,3,1,0,0,77,1,0
C:\Users\91768\Desktop\ood ass 2\6 proj\Album-master\album\src\main\java\com\yanzhenjie\album\mvp\BasePresenter.java,com.yanzhenjie.album.mvp.BasePresenter,interface,2,6,4,2,0,1,0,0,0,0,-1,-1,0,0,0,0,0,0,0,0,0,0,0,0,0,0,0,0,0,0,0,2,0,0,0,0,0,0,0,0,0,0,0,0,0,0,10,1,0
C:\Users\91768\Desktop\ood ass 2\6 proj\Album-master\album\src\main\java\com\yanzhenjie\album\app\album\NullActivity.java,com.yanzhenjie.album.app.album.NullActivity$Anonymous1,anonymous,2,2,0,2,1,1,0,3,0,0,NaN,NaN,1,0,1,0,0,0,1,0,0,0,0,0,0,0,0,0,0,0,0,8,0,0,0,0,0,0,0,1,0,1,0,0,0,0,8,-1,0
C:\Users\91768\Desktop\ood ass 2\6 proj\Album-master\album\src\main\java\com\yanzhenjie\album\app\Contract.java,com.yanzhenjie.album.app.Contract$NullPresenter,interface,1,1,0,1,2,1,0,0,1,0,0,0,2,0,0,0,0,2,2,0,0,0,0,0,0,0,0,0,0,0,0,4,0,0,0,0,0,0,0,0,0,0,0,0,0,0,8,1,0
C:\Users\91768\Desktop\ood ass 2\6 proj\Album-master\album\src\main\java\com\yanzhenjie\album\widget\photoview\PhotoViewAttacher.java,com.yanzhenjie.album.widget.photoview.PhotoViewAttacher$OnViewTapListener,interface,1,1,0,1,1,1,0,0,0,0,NaN,NaN,1,0,0,0,0,1,1,0,0,0,0,0,0,0,0,0,0,0,0,3,0,0,0,0,0,0,0,0,0,0,0,0,0,0,38,1,0
C:\Users\91768\Desktop\ood ass 2\6 proj\Album-master\album\src\main\java\com\yanzhenjie\album\api\AlbumSingleWrapper.java,com.yanzhenjie.album.api.AlbumSingleWrapper,class,7,10,3,7,3,4,0,2,1,0.33333334,0.33333334,0.33333334,3,0,3,0,0,0,3,0,0,0,1,0,0,1,0,0,0,0,0,29,1,0,0,0,0,0,1,7,0,2,0,0,0,0,23,1,0
C:\Users\91768\Desktop\ood ass 2\6 proj\Album-master\sample\src\main\java\com\yanzhenjie\album\sample\app\Adapter.java,com.yanzhenjie.album.sample.app.Adapter$ImageViewHolder,innerclass,9,9,0,9,4,2,0,7,0,0.33333334,0.6666667,1,3,0,2,0,0,1,3,0,0,0,2,0,0,2,0,0,1,0,1,18,0,0,1,0,0,0,0,2,0,2,1,0,0,0,18,10,0
C:\Users\91768\Desktop\ood ass 2\6 proj\Album-master\album\src\main\java\com\yanzhenjie\album\api\BasicChoiceVideoWrapper.java,com.yanzhenjie.album.api.BasicChoiceVideoWrapper,class,7,9,2,7,4,3,0,0,0,0.5,0,0,4,0,3,0,0,1,4,0,0,0,3,0,0,0,0,3,0,0,0,20,3,0,0,0,0,0,5,6,0,3,0,0,0,0,43,1025,0
C:\Users\91768\Desktop\ood ass 2\6 proj\Album-master\album\src\main\java\com\yanzhenjie\album\impl\OnItemClickListener.java,com.yanzhenjie.album.impl.OnItemClickListener,interface,1,20,19,1,1,1,0,0,0,0,NaN,NaN,1,0,0,0,0,1,1,0,0,0,0,0,0,0,0,0,0,0,0,3,0,0,0,0,0,0,0,0,0,0,0,0,0,0,18,1,0
C:\Users\91768\Desktop\ood ass 2\6 proj\Album-master\album\src\main\java\com\yanzhenjie\album\AlbumLoader.java,com.yanzhenjie.album.AlbumLoader,interface,3,15,12,3,2,1,0,0,1,1,0,0,2,0,0,0,0,2,2,0,0,0,1,0,0,0,0,1,0,0,0,11,0,0,0,0,0,0,0,1,0,1,0,1,0,0,45,1,0
C:\Users\91768\Desktop\ood ass 2\6 proj\Album-master\album\src\main\java\com\yanzhenjie\album\api\GalleryWrapper.java,com.yanzhenjie.album.api.GalleryWrapper,class,5,7,2,5,2,3,0,3,1,0,0,0,2,0,2,0,0,0,2,0,0,0,0,0,0,0,0,0,0,0,0,17,0,0,0,0,0,0,0,5,0,1,0,0,0,0,18,1,0
C:\Users\91768\Desktop\ood ass 2\6 proj\Album-master\album\src\main\java\com\yanzhenjie\album\api\ImageSingleWrapper.java,com.yanzhenjie.album.api.ImageSingleWrapper,class,6,9,3,6,2,3,0,2,1,0,0,0,2,0,2,0,0,0,2,0,0,0,0,0,0,0,0,0,0,0,0,20,0,0,0,0,0,0,1,5,0,1,0,0,0,0,20,17,0
C:\Users\91768\Desktop\ood ass 2\6 proj\Album-master\album\src\main\java\com\yanzhenjie\album\api\widget\Widget.java,com.yanzhenjie.album.api.widget.Widget$Builder,innerclass,9,9,0,9,10,1,0,3,43,0.8888889,0,0,10,0,9,1,0,0,9,0,0,0,9,0,0,9,0,0,0,0,2,49,9,0,0,0,0,0,0,9,0,9,0,0,0,0,41,9,0
C:\Users\91768\Desktop\ood ass 2\6 proj\Album-master\album\src\main\java\com\yanzhenjie\album\app\Contract.java,com.yanzhenjie.album.app.Contract$GalleryView,innerclass,5,5,0,5,10,2,0,0,45,0,0,0,10,0,10,0,0,0,10,9,0,0,0,0,0,0,0,0,0,0,0,14,0,0,0,0,0,0,0,0,0,0,0,0,0,0,53,1033,0
C:\Users\91768\Desktop\ood ass 2\6 proj\Album-master\album\src\main\java\com\yanzhenjie\album\app\Contract.java,com.yanzhenjie.album.app.Contract,class,2,2,0,2,0,4,0,0,0,0,-1,-1,0,0,0,0,0,0,0,0,0,0,0,0,0,0,0,0,0,0,0,57,0,0,0,0,0,0,0,0,0,0,0,0,6,0,6,17,0
C:\Users\91768\Desktop\ood ass 2\6 proj\Album-master\album\src\main\java\com\yanzhenjie\album\app\album\AlbumActivity.java,com.yanzhenjie.album.app.album.AlbumActivity$Anonymous1,anonymous,2,2,0,2,1,1,0,1,0,0,NaN,NaN,1,0,1,0,0,0,1,0,0,0,0,0,0,0,0,0,0,0,0,5,0,0,0,0,0,0,0,0,0,0,0,0,0,0,7,-1,0
C:\Users\91768\Desktop\ood ass 2\6 proj\Album-master\sample\src\main\java\com\yanzhenjie\album\sample\app\AlbumActivity.java,com.yanzhenjie.album.sample.app.AlbumActivity,class,18,21,3,18,10,2,0,37,4,0.65000004,0,0,5,0,2,2,1,0,3,0,0,0,4,0,0,4,0,0,0,0,4,79,2,0,2,0,0,0,8,6,0,7,1,4,0,0,60,1,0
C:\Users\91768\Desktop\ood ass 2\6 proj\Album-master\album\src\main\java\com\yanzhenjie\album\app\album\AlbumActivity.java,com.yanzhenjie.album.app.album.AlbumActivity$Anonymous2,anonymous,2,2,0,2,1,1,0,1,0,0,NaN,NaN,1,0,1,0,0,0,1,0,0,0,0,0,0,0,0,0,0,0,0,6,0,0,0,0,0,0,0,1,0,0,0,0,0,0,11,-1,0
C:\Users\91768\Desktop\ood ass 2\6 proj\Album-master\album\src\main\java\com\yanzhenjie\album\app\album\AlbumActivity.java,com.yanzhenjie.album.app.album.AlbumActivity$Anonymous3,anonymous,2,2,0,2,3,1,0,3,0,0,NaN,NaN,1,0,1,0,0,0,1,0,0,0,0,0,0,0,0,0,0,0,0,12,1,0,2,0,0,0,0,1,0,1,1,0,0,0,10,-1,0
C:\Users\91768\Desktop\ood ass 2\6 proj\Album-master\album\src\main\java\com\yanzhenjie\album\app\album\AlbumAdapter.java,com.yanzhenjie.album.app.album.AlbumAdapter$ImageHolder,innerclass,12,12,0,12,10,3,0,12,0,0.22222222,1,1,3,0,2,0,0,1,3,0,0,0,6,0,0,6,0,0,3,0,1,39,0,0,3,0,0,0,6,9,3,9,1,0,0,0,30,10,0
C:\Users\91768\Desktop\ood ass 2\6 proj\Album-master\album\src\main\java\com\yanzhenjie\album\Action.java,com.yanzhenjie.album.Action,interface,2,16,14,2,1,1,0,0,0,0,NaN,NaN,1,0,0,0,0,1,1,0,0,0,0,0,0,0,0,0,0,0,0,3,0,0,0,0,0,0,0,0,0,0,0,0,0,0,15,1,0
C:\Users\91768\Desktop\ood ass 2\6 proj\Album-master\album\src\main\java\com\yanzhenjie\album\app\album\AlbumActivity.java,com.yanzhenjie.album.app.album.AlbumActivity$Anonymous4,anonymous,4,4,0,4,2,1,0,2,0,0,NaN,NaN,1,0,1,0,0,0,1,0,0,0,0,0,0,0,0,0,0,0,0,11,0,0,1,0,0,0,0,3,0,2,1,0,0,0,13,-1,0
C:\Users\91768\Desktop\ood ass 2\6 proj\Album-master\album\src\main\java\com\yanzhenjie\album\widget\divider\Drawer.java,com.yanzhenjie.album.widget.divider.Drawer,class,3,6,3,3,5,1,1,6,0,0,1,1,5,0,5,0,0,0,5,0,0,0,3,0,0,3,0,0,3,0,0,42,0,0,0,0,0,0,0,19,14,19,0,0,0,0,30,0,0
C:\Users\91768\Desktop\ood ass 2\6 proj\Album-master\album\src\main\java\com\yanzhenjie\album\app\album\AlbumView.java,com.yanzhenjie.album.app.album.AlbumView$Anonymous2,anonymous,3,3,0,3,1,1,0,2,0,0,NaN,NaN,1,0,1,0,0,0,1,0,0,0,0,0,0,0,0,0,0,0,0,5,0,0,0,0,0,0,0,0,0,0,0,0,0,0,8,-1,0
C:\Users\91768\Desktop\ood ass 2\6 proj\Album-master\album\src\main\java\com\yanzhenjie\album\app\gallery\GalleryActivity.java,com.yanzhenjie.album.app.gallery.GalleryActivity,class,11,13,2,11,22,3,0,35,0,0.6666667,0.60714287,1,9,0,7,1,1,0,8,0,0,0,10,4,4,6,0,0,0,0,0,88,0,3,6,0,0,5,4,18,2,15,3,0,0,0,51,1,0
C:\Users\91768\Desktop\ood ass 2\6 proj\Album-master\sample\src\main\java\com\yanzhenjie\album\sample\MainActivity.java,com.yanzhenjie.album.sample.MainActivity,class,14,14,0,14,10,2,0,9,1,0,0,0,2,0,1,0,1,0,2,0,0,0,0,0,0,0,0,0,0,0,0,58,0,0,1,0,0,0,0,3,0,3,1,0,0,0,37,1,0
C:\Users\91768\Desktop\ood ass 2\6 proj\Album-master\album\src\main\java\com\yanzhenjie\album\app\album\AlbumView.java,com.yanzhenjie.album.app.album.AlbumView$Anonymous3,anonymous,3,3,0,3,1,1,0,2,0,0,NaN,NaN,1,0,1,0,0,0,1,0,0,0,0,0,0,0,0,0,0,0,0,5,0,0,0,0,0,0,0,0,0,0,0,0,0,0,7,-1,0
C:\Users\91768\Desktop\ood ass 2\6 proj\Album-master\album\src\main\java\com\yanzhenjie\album\AlbumFile.java,com.yanzhenjie.album.AlbumFile,class,6,57,51,6,42,1,0,16,325,0.8903226,0.15053764,0.8129032,31,0,30,0,1,0,31,0,0,0,15,3,3,12,0,0,3,0,0,150,19,0,6,0,2,0,9,30,1,18,2,1,0,0,69,1,0
C:\Users\91768\Desktop\ood ass 2\6 proj\Album-master\album\src\main\java\com\yanzhenjie\album\mvp\ViewSource.java,com.yanzhenjie.album.mvp.ViewSource$Anonymous2,anonymous,2,2,0,2,2,1,0,1,0,0,NaN,NaN,1,0,1,0,0,0,1,0,0,0,0,0,0,0,0,0,0,0,0,7,0,0,1,0,0,0,0,0,0,0,1,0,0,0,10,-1,0
C:\Users\91768\Desktop\ood ass 2\6 proj\Album-master\album\src\main\java\com\yanzhenjie\album\app\album\AlbumView.java,com.yanzhenjie.album.app.album.AlbumView$Anonymous1,anonymous,3,3,0,3,1,1,0,2,0,0,NaN,NaN,1,0,1,0,0,0,1,0,0,0,0,0,0,0,0,0,0,0,0,5,0,0,0,0,0,0,0,0,0,0,0,0,0,0,8,-1,0
C:\Users\91768\Desktop\ood ass 2\6 proj\Album-master\album\src\main\java\com\yanzhenjie\album\mvp\ViewSource.java,com.yanzhenjie.album.mvp.ViewSource$Anonymous1,anonymous,2,2,0,2,2,1,0,1,0,0,NaN,NaN,1,0,1,0,0,0,1,0,0,0,0,0,0,0,0,0,0,0,0,8,1,0,1,0,0,0,0,0,0,0,1,0,0,0,10,-1,0
C:\Users\91768\Desktop\ood ass 2\6 proj\Album-master\album\src\main\java\com\yanzhenjie\album\app\gallery\GalleryView.java,com.yanzhenjie.album.app.gallery.GalleryView$Anonymous4,anonymous,3,3,0,3,1,1,0,3,0,0,NaN,NaN,1,0,1,0,0,0,1,0,0,0,0,0,0,0,0,0,0,0,0,5,0,0,0,0,0,0,0,0,0,0,0,0,0,0,6,-1,0
C:\Users\91768\Desktop\ood ass 2\6 proj\Album-master\album\src\main\java\com\yanzhenjie\album\widget\SquareRelativeLayout.java,com.yanzhenjie.album.widget.SquareRelativeLayout,class,6,6,0,6,6,2,0,3,4,0.5,0,0,4,0,3,0,1,0,4,0,0,0,1,0,0,1,0,0,0,0,0,32,0,0,0,0,0,1,2,2,0,2,1,0,0,0,31,1,0
C:\Users\91768\Desktop\ood ass 2\6 proj\Album-master\album\src\main\java\com\yanzhenjie\album\app\gallery\GalleryView.java,com.yanzhenjie.album.app.gallery.GalleryView$Anonymous2,anonymous,6,6,0,6,3,1,0,4,0,0,NaN,NaN,1,0,0,0,1,0,1,0,0,0,0,0,0,0,0,0,0,0,2,10,0,0,0,0,0,0,0,0,0,0,1,0,0,0,9,-1,0
C:\Users\91768\Desktop\ood ass 2\6 proj\Album-master\album\src\main\java\com\yanzhenjie\album\AlbumFolder.java,com.yanzhenjie.album.AlbumFolder,class,5,19,14,5,12,1,0,7,13,0.67499995,0.35555556,0.62222224,10,0,9,0,1,0,10,0,0,0,4,1,1,3,0,0,1,0,0,47,4,0,1,0,1,0,4,7,0,4,0,1,0,0,40,1,0
C:\Users\91768\Desktop\ood ass 2\6 proj\Album-master\album\src\main\java\com\yanzhenjie\album\app\gallery\GalleryView.java,com.yanzhenjie.album.app.gallery.GalleryView$Anonymous3,anonymous,3,3,0,3,1,1,0,3,0,0,NaN,NaN,1,0,1,0,0,0,1,0,0,0,0,0,0,0,0,0,0,0,0,5,0,0,0,0,0,0,0,0,0,0,0,0,0,0,6,-1,0
C:\Users\91768\Desktop\ood ass 2\6 proj\Album-master\album\src\main\java\com\yanzhenjie\album\api\widget\Widget.java,com.yanzhenjie.album.api.widget.Widget$Anonymous1,anonymous,2,2,0,2,2,1,0,0,1,0,0,0,2,0,2,0,0,0,2,0,0,0,0,0,0,0,0,0,0,0,0,8,2,0,0,0,0,0,0,0,0,0,0,0,0,0,8,-1,0
C:\Users\91768\Desktop\ood ass 2\6 proj\Album-master\album\src\main\java\com\yanzhenjie\album\app\gallery\GalleryView.java,com.yanzhenjie.album.app.gallery.GalleryView$Anonymous1,anonymous,2,2,0,2,1,1,0,2,0,0,NaN,NaN,1,0,1,0,0,0,1,0,0,0,0,0,0,0,0,0,0,0,0,5,0,0,0,0,0,0,0,0,0,0,0,0,0,0,6,-1,0
C:\Users\91768\Desktop\ood ass 2\6 proj\Album-master\sample\src\main\java\com\yanzhenjie\album\sample\app\AlbumFilterActivity.java,com.yanzhenjie.album.sample.app.AlbumFilterActivity,class,21,26,5,21,10,2,0,40,4,0.68,0,0,5,0,2,2,1,0,3,0,0,0,5,0,0,5,0,0,0,0,4,97,2,0,2,0,0,0,7,6,0,8,1,7,0,0,64,1,0
C:\Users\91768\Desktop\ood ass 2\6 proj\Album-master\sample\src\main\java\com\yanzhenjie\album\sample\app\GalleryActivity.java,com.yanzhenjie.album.sample.app.GalleryActivity,class,10,12,2,10,5,2,0,23,4,0.5833333,0,0,4,0,1,1,2,0,3,0,0,0,3,1,0,3,0,0,1,0,3,42,1,0,0,0,0,40,0,5,0,5,1,2,0,0,53,1,0
C:\Users\91768\Desktop\ood ass 2\6 proj\Album-master\album\src\main\java\com\yanzhenjie\album\mvp\BaseFragment.java,com.yanzhenjie.album.mvp.BaseFragment,class,9,9,0,9,5,2,0,3,6,0,0,0,4,0,4,0,0,0,4,0,0,0,0,0,0,0,0,0,0,0,0,14,1,0,1,0,0,0,0,1,0,1,1,0,0,0,22,1,0
C:\Users\91768\Desktop\ood ass 2\6 proj\Album-master\album\src\main\java\com\yanzhenjie\album\app\album\GalleryActivity.java,com.yanzhenjie.album.app.album.GalleryActivity,class,12,14,2,12,21,3,0,34,6,0.625,0.35714287,0.35714287,9,0,7,1,1,0,8,0,0,0,8,4,4,4,0,0,0,0,1,139,0,0,4,0,0,6,5,20,2,14,3,0,1,0,71,1,0
C:\Users\91768\Desktop\ood ass 2\6 proj\Album-master\album\src\main\java\com\yanzhenjie\album\app\album\AlbumAdapter.java,com.yanzhenjie.album.app.album.AlbumAdapter$MediaViewHolder,innerclass,3,3,0,3,2,2,0,0,1,0,0,0,2,0,2,0,0,0,2,1,0,0,0,0,0,0,0,0,0,0,0,6,0,0,0,0,0,0,0,0,0,0,0,0,0,0,11,1034,0
C:\Users\91768\Desktop\ood ass 2\6 proj\Album-master\album\src\main\java\com\yanzhenjie\album\app\gallery\PreviewAdapter.java,com.yanzhenjie.album.app.gallery.PreviewAdapter,class,13,15,2,13,14,2,0,10,27,0.72499996,0.2,0.46666667,10,0,9,0,1,0,10,1,0,0,4,0,0,4,0,0,0,0,0,48,4,0,4,0,1,0,3,6,0,6,1,0,0,0,50,1025,0
C:\Users\91768\Desktop\ood ass 2\6 proj\Album-master\album\src\main\java\com\yanzhenjie\album\impl\OnCheckedClickListener.java,com.yanzhenjie.album.impl.OnCheckedClickListener,interface,1,5,4,1,1,1,0,0,0,0,NaN,NaN,1,0,0,0,0,1,1,0,0,0,0,0,0,0,0,0,0,0,0,3,0,0,0,0,0,0,0,0,0,0,0,0,0,0,16,1,0
C:\Users\91768\Desktop\ood ass 2\6 proj\Album-master\album\src\main\java\com\yanzhenjie\album\app\Contract.java,com.yanzhenjie.album.app.Contract$GalleryPresenter,interface,1,1,0,1,5,1,0,0,10,0,0,0,5,0,0,0,0,5,5,0,0,0,0,0,0,0,0,0,0,0,0,7,0,0,0,0,0,0,0,0,0,0,0,0,0,0,21,1,0
C:\Users\91768\Desktop\ood ass 2\6 proj\Album-master\album\src\main\java\com\yanzhenjie\album\ItemAction.java,com.yanzhenjie.album.ItemAction,interface,2,5,3,2,1,1,0,0,0,0,NaN,NaN,1,0,0,0,0,1,1,0,0,0,0,0,0,0,0,0,0,0,0,3,0,0,0,0,0,0,0,0,0,0,0,0,0,0,16,1,0
C:\Users\91768\Desktop\ood ass 2\6 proj\Album-master\album\src\main\java\com\yanzhenjie\album\api\ImageMultipleWrapper.java,com.yanzhenjie.album.api.ImageMultipleWrapper,class,7,10,3,7,4,3,0,3,4,0.5,0.16666667,0.16666667,4,0,4,0,0,0,4,0,1,0,1,0,0,1,0,0,0,0,0,30,2,0,0,0,0,0,2,8,0,2,0,0,0,0,37,17,0
C:\Users\91768\Desktop\ood ass 2\6 proj\Album-master\album\src\main\java\com\yanzhenjie\album\api\choice\AlbumChoice.java,com.yanzhenjie.album.api.choice.AlbumChoice,class,4,5,1,4,3,1,0,0,0,0,1,1,3,0,3,0,0,0,3,0,0,0,1,0,0,1,0,0,0,0,0,12,2,0,0,0,0,0,0,1,0,1,0,0,0,0,15,17,0
C:\Users\91768\Desktop\ood ass 2\6 proj\Album-master\sample\src\main\java\com\yanzhenjie\album\sample\app\Adapter.java,com.yanzhenjie.album.sample.app.Adapter,class,12,28,16,12,12,3,0,9,1,0.5555556,0.46666667,0.46666667,6,0,6,0,0,0,6,0,0,0,3,0,0,3,0,0,0,0,0,95,5,0,2,0,2,1,1,5,0,5,1,0,2,0,54,1,0
C:\Users\91768\Desktop\ood ass 2\6 proj\Album-master\album\src\main\java\com\yanzhenjie\album\widget\photoview\gestures\CupcakeGestureDetector.java,com.yanzhenjie.album.widget.photoview.gestures.CupcakeGestureDetector,class,7,10,3,7,20,1,1,19,13,0.73469394,0.14285715,0.2857143,7,0,5,0,0,2,7,0,0,0,7,0,0,4,1,2,2,0,4,91,5,0,5,0,2,0,1,21,5,14,4,0,0,0,39,1,0
C:\Users\91768\Desktop\ood ass 2\6 proj\Album-master\album\src\main\java\com\yanzhenjie\album\app\gallery\GalleryView.java,com.yanzhenjie.album.app.gallery.GalleryView,class,18,21,3,18,22,3,0,31,38,0.7692307,0.25641027,0.84615386,13,0,11,0,2,0,13,0,0,0,7,0,0,7,0,0,0,0,4,112,0,0,3,0,0,0,4,10,0,10,1,4,0,0,65,1,0
C:\Users\91768\Desktop\ood ass 2\6 proj\Album-master\album\src\main\java\com\yanzhenjie\album\widget\TransferLayout.java,com.yanzhenjie.album.widget.TransferLayout,class,5,5,0,5,7,2,0,3,10,0,0,0,5,0,5,0,0,0,5,0,0,0,0,0,0,0,0,0,0,0,0,23,4,0,2,0,0,0,5,0,0,0,1,0,0,0,24,1,0
C:\Users\91768\Desktop\ood ass 2\6 proj\Album-master\album\src\main\java\com\yanzhenjie\album\widget\photoview\scrollerproxy\GingerScroller.java,com.yanzhenjie.album.widget.photoview.scrollerproxy.GingerScroller,class,4,6,2,4,7,2,1,6,0,0,1,1,7,0,7,0,0,0,7,0,0,0,1,0,0,0,1,0,1,0,0,24,4,0,0,0,0,0,1,1,0,1,0,0,0,0,20,1,0
C:\Users\91768\Desktop\ood ass 2\6 proj\Album-master\album\src\main\java\com\yanzhenjie\album\api\ImageCameraWrapper.java,com.yanzhenjie.album.api.ImageCameraWrapper,class,5,8,3,5,2,2,0,2,1,0,0,0,2,0,2,0,0,0,2,0,0,0,0,0,0,0,0,0,0,0,0,13,0,0,0,0,0,0,0,3,0,1,0,0,0,0,17,1,0
C:\Users\91768\Desktop\ood ass 2\6 proj\Album-master\album\src\main\java\com\yanzhenjie\album\impl\DoubleClickWrapper.java,com.yanzhenjie.album.impl.DoubleClickWrapper,class,2,3,1,2,3,1,0,2,0,0.25,1,1,2,0,2,0,0,0,2,0,0,0,2,0,0,2,0,0,1,0,1,14,0,0,0,0,0,0,1,3,1,3,1,0,0,0,16,1,0
C:\Users\91768\Desktop\ood ass 2\6 proj\Album-master\album\src\main\java\com\yanzhenjie\album\widget\divider\Divider.java,com.yanzhenjie.album.widget.divider.Divider,class,1,9,8,1,2,2,2,0,1,0,0,0,2,0,2,0,0,0,2,2,0,0,0,0,0,0,0,0,0,0,0,4,0,0,0,0,0,0,0,0,0,0,0,0,0,0,20,1025,0
C:\Users\91768\Desktop\ood ass 2\6 proj\Album-master\album\src\main\java\com\yanzhenjie\album\AlbumFile.java,com.yanzhenjie.album.AlbumFile$Anonymous1,anonymous,2,2,0,2,2,1,0,0,1,0,0,0,2,0,2,0,0,0,2,0,0,0,0,0,0,0,0,0,0,0,0,8,2,0,0,0,0,0,0,0,0,0,0,0,0,0,9,-1,0
C:\Users\91768\Desktop\ood ass 2\6 proj\Album-master\album\src\main\java\com\yanzhenjie\album\app\album\data\MediaReadTask.java,com.yanzhenjie.album.app.album.data.MediaReadTask$ResultWrapper,innerclass,2,2,0,2,0,1,0,0,0,NaN,-1,-1,0,0,0,0,0,0,0,0,0,0,2,0,0,2,0,0,0,0,0,4,0,0,0,0,0,0,0,0,0,2,0,0,0,0,6,8,0
C:\Users\91768\Desktop\ood ass 2\6 proj\Album-master\album\src\main\java\com\yanzhenjie\album\mvp\Bye.java,com.yanzhenjie.album.mvp.Bye,interface,0,5,5,0,1,1,0,0,0,0,NaN,NaN,1,0,0,0,0,1,1,0,0,0,0,0,0,0,0,0,0,0,0,3,0,0,0,0,0,0,0,0,0,0,0,0,0,0,7,1,0
C:\Users\91768\Desktop\ood ass 2\6 proj\Album-master\album\src\main\java\com\yanzhenjie\album\app\album\data\MediaReadTask.java,com.yanzhenjie.album.app.album.data.MediaReadTask$Callback,interface,2,2,0,2,1,1,0,0,0,0,NaN,NaN,1,0,0,0,0,1,1,0,0,0,0,0,0,0,0,0,0,0,0,3,0,0,0,0,0,0,0,0,0,0,0,0,0,0,9,1,0
C:\Users\91768\Desktop\ood ass 2\6 proj\Album-master\album\src\main\java\com\yanzhenjie\album\AlbumLoader.java,com.yanzhenjie.album.AlbumLoader$Anonymous1,anonymous,2,2,0,2,2,1,0,0,1,0,0,0,2,0,2,0,0,0,2,0,0,0,0,0,0,0,0,0,0,0,0,6,0,0,0,0,0,0,0,0,0,0,0,0,0,0,7,-1,0
C:\Users\91768\Desktop\ood ass 2\6 proj\Album-master\sample\src\main\java\com\yanzhenjie\album\sample\app\GalleryActivity.java,com.yanzhenjie.album.sample.app.GalleryActivity$Anonymous1,anonymous,2,2,0,2,1,1,0,1,0,0,NaN,NaN,1,0,1,0,0,0,1,0,0,0,0,0,0,0,0,0,0,0,0,5,0,0,0,0,0,0,0,0,0,0,0,0,0,0,6,-1,0
C:\Users\91768\Desktop\ood ass 2\6 proj\Album-master\sample\src\main\java\com\yanzhenjie\album\sample\app\GalleryActivity.java,com.yanzhenjie.album.sample.app.GalleryActivity$Anonymous2,anonymous,1,1,0,1,1,1,0,0,0,0,NaN,NaN,1,0,1,0,0,0,1,0,0,0,0,0,0,0,0,0,0,0,0,4,0,0,0,0,0,0,0,0,0,0,0,0,0,0,3,-1,0
C:\Users\91768\Desktop\ood ass 2\6 proj\Album-master\album\src\main\java\com\yanzhenjie\album\app\album\data\ThumbnailBuildTask.java,com.yanzhenjie.album.app.album.data.ThumbnailBuildTask$Callback,interface,1,1,0,1,2,1,0,0,1,0,0,0,2,0,0,0,0,2,2,0,0,0,0,0,0,0,0,0,0,0,0,4,0,0,0,0,0,0,0,0,0,0,0,0,0,0,8,1,0
C:\Users\91768\Desktop\ood ass 2\6 proj\Album-master\sample\src\main\java\com\yanzhenjie\album\sample\app\DefineStyleActivity.java,com.yanzhenjie.album.sample.app.DefineStyleActivity$Anonymous4,anonymous,3,3,0,3,2,1,0,3,0,0,NaN,NaN,1,0,1,0,0,0,1,0,0,0,0,0,0,0,0,0,0,0,0,7,0,0,0,0,0,0,1,1,0,0,0,0,0,0,6,-1,0
C:\Users\91768\Desktop\ood ass 2\6 proj\Album-master\album\src\main\java\com\yanzhenjie\album\widget\SquareCardView.java,com.yanzhenjie.album.widget.SquareCardView,class,6,6,0,6,6,2,0,3,4,0.5,0,0,4,0,3,0,1,0,4,0,0,0,1,0,0,1,0,0,0,0,0,32,0,0,0,0,0,1,2,2,0,2,1,0,0,0,31,1,0
C:\Users\91768\Desktop\ood ass 2\6 proj\Album-master\album\src\main\java\com\yanzhenjie\album\widget\photoview\gestures\OnGestureListener.java,com.yanzhenjie.album.widget.photoview.gestures.OnGestureListener,interface,0,5,5,0,3,1,0,0,3,0,0,0,3,0,0,0,0,3,3,0,0,0,0,0,0,0,0,0,0,0,0,5,0,0,0,0,0,0,0,0,0,0,0,0,0,0,11,1,0
C:\Users\91768\Desktop\ood ass 2\6 proj\Album-master\album\src\main\java\com\yanzhenjie\album\widget\photoview\IPhotoView.java,com.yanzhenjie.album.widget.photoview.IPhotoView,interface,12,14,2,12,31,1,0,0,465,1,0,0,31,0,0,0,0,31,31,0,0,0,4,0,0,0,0,4,0,0,0,37,0,0,0,0,0,0,4,4,0,4,0,0,0,0,226,1,0
C:\Users\91768\Desktop\ood ass 2\6 proj\Album-master\album\src\main\java\com\yanzhenjie\album\api\widget\Widget.java,com.yanzhenjie.album.api.widget.Widget$ButtonStyle$Builder,innerclass,7,7,0,7,3,1,0,1,3,0.6666667,0,0,3,0,2,1,0,0,2,0,0,0,3,0,0,3,0,0,0,0,1,16,2,0,0,0,0,0,0,3,0,3,0,0,0,0,21,9,0
C:\Users\91768\Desktop\ood ass 2\6 proj\Album-master\album\src\main\java\com\yanzhenjie\album\widget\photoview\scrollerproxy\IcsScroller.java,com.yanzhenjie.album.widget.photoview.scrollerproxy.IcsScroller,class,3,4,1,3,2,3,0,1,1,0,0,0,2,0,2,0,0,0,2,0,0,0,0,0,0,0,0,0,0,0,0,8,1,0,0,0,0,0,1,0,0,0,0,0,0,0,8,1,0
